WufCRTiTnyo\tThe Car Lot Idea, Cheap Businesses Anyone Can Start, And More Q&A\tNA
tK5Ivv_3sEA\tThe Side Hustle AI Was Supposed to Kill Is Booming\tNA
GZbjmWNmIkc\tThis AI Finds the Idea, Customers, and Does the Work\tNA
vmZ_IegqU14\tThe Side Hustle AI Was Supposed to Kill Is Booming [NO ADS • FULL EPISODE]\tNA
CpgW6LYIEHw\tThe Most Useful AI Tool You’ve Never Heard Of\tNA
qkPQCqrEhtg\tForget Snack Machines. This One Refills Itself\tNA
IQp_cGOJO9c\t$15K/Month With Zero Employees [NO ADS • FULL EPISODE]\tNA
9U4MCbfL8MQ\tThe Most Overlooked $81K/Month Business Anyone Can Start\tNA
Aj9Q_PLY8Ik\tFrom DoorDash to $81K/M With This Overlooked Business [NO ADS • FULL EPISODE]\tNA
a8P2K9DYJp4\tHe Gets These Free. Makes $1,000 With Each.\tNA
Nn43yYgg0JE\tHe Gets These for Free and Makes $10K a Month From Them [NO ADS • FULL EPISODE]\tNA
68x7jFWbaE8\tThe Simple One-Man Side Hustle That Runs Itself\tNA
CMqOdEOiFT0\tThe Most Hands-Off Solo Side Hustle to Start\tNA
gmwDBNcFXFU\tMake Money With This New AI Agent That Works 24/7\tNA
RYalbTaQPHQ\tMake Money With This New AI Agent That Works 24/7 [NO ADS • FULL EPISODE]\tNA
UItZIyRpWSw\tWatch Me Build an App With AI and Make a Sale in 85 Minutes\tNA
DlNWYzaL_F0\tThe Most Overlooked Online Side Hustle Of 2026\tNA
jN-QG2SL0SY\tThe Most Overlooked Online Side Hustle Of 2026 [NO ADS • FULL EPISODE]\tNA
UEXdBVZVvBk\tThe Simplest $300/Hour Side Hustle Anyone Can Start\tNA
84jlvxWXsUU\tHe's 17 and Makes $300/Hour Flipping Couches [NO ADS • FULL EPISODE]\tNA
HOosrT6vj_Y\tI Did Something Insane. Here Are the Businesses I Found in It\tNA
3a9wiJXt-5k\tI Did Something Insane. Here Are the Businesses I Found in It [NO ADS • FULL EPISODE]\tNA
3Yi2Ir3iOM8\tYour First Customer, Testing Ideas Cheap, and Copying What Works\tNA
McQucrnkSt0\tThe Simplest $10K+/M Business You've Never Heard Of\tNA
KtRL29IULg8\tThe Simplest $10K/Month Business Most People Miss [NO ADS • FULL EPISODE]\tNA
i5vD6_QspkQ\tThe Most Overlooked Path to Wealth\tNA
PXus8lX2pVY\tThe Most Overlooked Businesses Making People Rich [NO ADS • FULL EPISODE]\tNA
EEBlDTEYFao\tI Found the Perfect First Business for Introverts\tNA
MwpjOocXpko\tI Found the Perfect First Business for Introverts [NO ADS • FULL EPISODE]\tNA
VOo3M3ZHUoA\tWatch Me Clone a $200K/Month Business in 5 Minutes\tNA
kEV86fy-Rvc\tI Tried to Make $10K in 10 Days With Costco Returns\tNA
Xaw2OdBUknA\tI Tried to Make $10K in 10 Days With Costco Returns [NO ADS • FULL EPISODE]\tNA
E9baszgY3J8\tThe Most Underrated Side Hustle You Can Start With $0\tNA
dwEZ_ZgGDx0\tThe Most Overlooked Side Hustle You Can Start With $0 [NO ADS • FULL EPISODE]\tNA
vvtsOOGn6Io\tThe Most Overlooked $3K/Day Side Hustle Anyone Can Start (with $0)\tNA
zSJVaT-oLOQ\tStarting My First Business Broke, Most Profitable Niches, and Best Automation Tools\tNA
iGZl4PJ2wFI\tWe Did Our Own Shark Tank [RAW • NO ADS]\tNA
lG5U30gKCaY\tHow a Mom of 3 Makes $50K a Month With AI (No Experience)\tNA
t_nZveri0Uc\tHow a Mom of 3 Makes $50K a Month With AI - No Experience  [NO ADS • FULL EPISODE]\tNA
nVgFbclwmSA\tThe $0 Side Hustle Anyone Can Start\tNA
g-wMJf4ckK0\tHe Found a Grant That Feels Like a Cheat Code ($2.4M/Year)\tNA
bLTx_U-uNUY\tThe Easiest Way to Make Money From Home [NO ADS • FULL EPISODE]\tNA
3GmZHYBX75s\tHe Built This Business in One Weekend for $40\tNA
qbufpevmWkA\tMy Unfiltered Take on Making Money Fast, Ads, and Ideas\tNA
CKiszDu2aic\tI Asked AI for a Money-Making Website (It Built One in Minutes)\tNA
38xmJHWQzhg\tStop Rambling: 7 Tricks to Make People Respect You\tNA
tyabXt8CrZY\tSpeak Like a CEO With These 7 Simple Rules [NO ADS • FULL EPISODE]\tNA
lv0VWYnPbY4\tClients Without Ads, a $100 Business & My Favorite GHL Tools\tNA
oaXnY1YExjE\tThis Kid Found the Fastest Way to Make Money With AI Apps\tNA
B_mfSgy7WwQ\tMaking Money With Apps Has Never Been Easier [NO ADS • FULL EPISODE]\tNA
